Cultivar,Block,Plant,Mat ID,Plant cycle,Date planted,Date shooting,Date harvest,Pseudostem height (cm) (shooting),Pseudostem girth at 1m (cm) (shooting),Height of following sucker (cm) (shooting),Girth at 1m of following sucker (cm) (shooting),Height of following sucker (cm) (harvest),Bunch weight (kg),Number of hands,Number of fruits in hand,Number of dead roots,Number of functional roots
Calcutta4,A,1,Calcutta4A1,mother,2/12/2003,NA,NA,NA,NA,NA,NA,NA,NA,NA,NA,NA,NA
Calcutta4,A,2,Calcutta4A2,mother,2/12/2003,7/7/2003,10/16/2003,223,40,200,33,242,1.5,7,22,NA,NA
Calcutta4,A,3,Calcutta4A3,mother,2/12/2003,NA,NA,NA,NA,NA,NA,NA,NA,NA,NA,9,10
Calcutta4,A,4,Calcutta4A4,mother,2/12/2003,NA,NA,NA,NA,NA,NA,NA,NA,NA,NA,NA,NA
Calcutta4,A,5,Calcutta4A5,mother,2/12/2003,7/25/2003,10/23/2003,205,36,185,32,226,1,6,21,NA,NA
Calcutta4,A,6,Calcutta4A6,mother,2/12/2003,NA,NA,NA,NA,NA,NA,NA,NA,NA,NA,NA,NA
Calcutta4,B,7,Calcutta4B7,mother,2/12/2003,7/21/2003,10/23/2003,225,38,195,27,278,2.2,6,25,NA,NA
Calcutta4,B,8,Calcutta4B8,mother,2/12/2003,7/15/2003,10/16/2003,230,40,205,35,270,1.8,8,20,13,42
Calcutta4,B,9,Calcutta4B9,mother,2/12/2003,NA,NA,NA,NA,NA,NA,NA,NA,NA,NA,NA,NA
Calcutta4,B,10,Calcutta4B10,mother,2/12/2003,7/16/2003,10/16/2003,225,37,120,24,137,1,7,24,NA,NA
Calcutta4,B,11,Calcutta4B11,mother,2/12/2003,8/1/2003,NA,210,34,115,22,NA,NA,NA,NA,NA,NA
Calcutta4,B,12,Calcutta4B12,mother,2/12/2003,7/28/2003,10/30/2003,220,38,170,31,226,1.5,7,18,NA,NA
Calcutta4,C,13,Calcutta4C13,mother,2/12/2003,7/10/2003,10/16/2003,225,40,160,28,228,2.5,7,20,NA,NA
Calcutta4,C,14,Calcutta4C14,mother,2/12/2003,7/10/2003,10/16/2003,230,40,235,36,204,2.2,7,25,NA,NA
Calcutta4,C,15,Calcutta4C15,mother,2/12/2003,7/21/2003,10/23/2003,210,44,240,36,272,1.5,7,16,11,37
Calcutta4,C,16,Calcutta4C16,mother,2/12/2003,7/14/2003,10/16/2003,225,40,172,27,262,1.2,7,16,1,48
Calcutta4,C,17,Calcutta4C17,mother,2/12/2003,7/12/2003,NA,210,36,190,34,NA,NA,NA,NA,NA,NA
Calcutta4,C,18,Calcutta4C18,mother,2/12/2003,7/14/2003,10/16/2003,210,35,165,29,170,1.8,7,19,NA,NA
Calcutta4,D,19,Calcutta4D19,mother,2/12/2003,7/22/2003,10/23/2003,210,35,225,20,193,3,7,21,NA,NA
Calcutta4,D,20,Calcutta4D20,mother,2/12/2003,7/14/2003,10/16/2003,200,35,147,25,260,1.8,7,15,NA,NA
Calcutta4,D,21,Calcutta4D21,mother,2/12/2003,7/14/2003,10/16/2003,215,37,165,26,230,2.8,7,21,0,67
Calcutta4,D,22,Calcutta4D22,mother,2/12/2003,7/13/2003,NA,222,41,130,22,NA,NA,NA,NA,6,30
Calcutta4,D,23,Calcutta4D23,mother,2/12/2003,8/1/2003,10/30/2003,190,37,140,28,254,1.8,7,24,NA,NA
Calcutta4,D,24,Calcutta4D24,mother,2/12/2003,7/16/2003,10/16/2003,225,37,135,23,225,1.5,6,23,NA,NA
FHIA01,A,1,FHIA01A1,mother,2/12/2003,12/6/2003,3/10/2004,260,62,135,48,150,13,8,16,NA,NA
FHIA01,A,2,FHIA01A2,mother,2/12/2003,12/3/2003,NA,240,62,110,42,NA,NA,NA,NA,NA,NA
FHIA01,A,3,FHIA01A3,mother,2/12/2003,2/2/2004,NA,250,54,122,45,NA,NA,NA,NA,3,10
FHIA01,A,4,FHIA01A4,mother,2/12/2003,1/14/2004,4/14/2004,238,68,120,46,151,8.8,11,18,0,9
FHIA01,A,5,FHIA01A5,mother,2/12/2003,NA,NA,NA,NA,NA,NA,NA,NA,NA,NA,NA,NA
FHIA01,A,6,FHIA01A6,mother,2/12/2003,NA,NA,NA,NA,NA,NA,NA,NA,NA,NA,NA,NA
FHIA01,B,7,FHIA01B7,mother,2/12/2003,11/25/2003,2/25/2004,278,64,156,58,180,13.8,8,16,NA,NA
FHIA01,B,8,FHIA01B8,mother,2/12/2003,1/26/2004,4/28/2004,265,60,190,82,250,11.5,7,14,NA,NA
FHIA01,B,9,FHIA01B9,mother,2/12/2003,12/8/2003,3/10/2004,260,58,115,40,150,10,7,13,8,38
FHIA01,B,10,FHIA01B10,mother,2/12/2003,2/16/2004,5/19/2004,200,49,120,48,207,9.6,6,14,NA,NA
FHIA01,B,11,FHIA01B11,mother,2/12/2003,2/14/2004,5/19/2004,270,61,180,79,264,14.6,8,15,NA,NA
FHIA01,B,12,FHIA01B12,mother,2/12/2003,NA,NA,NA,NA,NA,NA,NA,NA,NA,NA,NA,NA
FHIA01,C,13,FHIA01C13,mother,2/12/2003,5/8/2004,8/11/2004,270,60,215,89,265,13.4,8,16,NA,NA
FHIA01,C,14,FHIA01C14,mother,2/12/2003,11/23/2003,2/25/2004,264,57,44,24,85,14.6,8,16,NA,NA
FHIA01,C,15,FHIA01C15,mother,2/12/2003,1/18/2004,4/21/2004,260,59,180,68,216,11.6,8,16,0,19
FHIA01,C,16,FHIA01C16,mother,2/12/2003,7/18/2004,10/20/2004,275,67,180,70,205,13,8,15,NA,NA
FHIA01,C,17,FHIA01C17,mother,2/12/2003,NA,NA,NA,NA,NA,NA,NA,NA,NA,NA,NA,NA
FHIA01,C,18,FHIA01C18,mother,2/12/2003,3/16/2004,6/16/2004,245,53,130,59,160,16.4,8,15,5,4
FHIA01,D,19,FHIA01D19,mother,2/12/2003,2/14/2004,5/19/2004,263,58,153,56,212,10.6,7,14,NA,NA
FHIA01,D,20,FHIA01D20,mother,2/12/2003,12/28/2003,3/31/2004,245,54,112,45,150,9,7,14,2,3
FHIA01,D,21,FHIA01D21,mother,2/12/2003,NA,NA,NA,NA,NA,NA,NA,NA,NA,NA,NA,NA
FHIA01,D,22,FHIA01D22,mother,2/12/2003,12/28/2003,3/31/2004,265,60,155,72,180,10.2,8,14,5,60
FHIA01,D,23,FHIA01D23,mother,2/12/2003,1/31/2004,4/7/2004,336,87,250,94,300,20,11,19,NA,NA
FHIA01,D,24,FHIA01D24,mother,2/12/2003,1/1/2004,3/31/2004,261,61,185,67,193,12.6,8,16,NA,NA
FHIA23,A,1,FHIA23A1,mother,2/12/2003,1/1/2004,3/31/2004,350,89,200,66,290,24.2,16,22,NA,NA
FHIA23,A,2,FHIA23A2,mother,2/12/2003,1/19/2004,4/21/2004,250,94,194,61,269,29,16,21,NA,NA
FHIA23,A,3,FHIA23A3,mother,2/12/2003,12/13/2003,3/17/2004,320,83,195,64,240,21,14,22,NA,NA
FHIA23,A,4,FHIA23A4,mother,2/12/2003,12/6/2003,3/3/2004,317,94,220,70,290,26,13,20,4,38
FHIA23,A,5,FHIA23A5,mother,2/12/2003,NA,NA,NA,NA,NA,NA,NA,NA,NA,NA,NA,NA
FHIA23,A,6,FHIA23A6,mother,2/12/2003,NA,NA,NA,NA,NA,NA,NA,NA,NA,NA,NA,NA
FHIA23,B,7,FHIA23B7,mother,2/12/2003,1/25/2004,NA,393,103,177,61,NA,NA,NA,NA,NA,NA
FHIA23,B,8,FHIA23B8,mother,2/12/2003,11/25/2003,2/25/2004,350,89,270,82,310,24.4,16,23,NA,NA
FHIA23,B,9,FHIA23B9,mother,2/12/2003,10/31/2003,1/29/2004,382,87,266,86,332,25.2,14,21,NA,NA
FHIA23,B,10,FHIA23B10,mother,2/12/2003,12/6/2003,3/10/2004,300,93,190,55,220,26,15,25,7,61
FHIA23,B,11,FHIA23B11,mother,2/12/2003,NA,NA,NA,NA,NA,NA,NA,NA,NA,NA,NA,NA
FHIA23,B,12,FHIA23B12,mother,2/12/2003,2/10/2004,5/12/2004,320,80,131,49,170,20,15,20,1,50
FHIA23,C,13,FHIA23C13,mother,2/12/2003,NA,NA,NA,NA,NA,NA,NA,NA,NA,NA,NA,NA
FHIA23,C,14,FHIA23C14,mother,2/12/2003,11/12/2003,2/11/2004,390,93,160,52,220,28,15,22,NA,NA
FHIA23,C,15,FHIA23C15,mother,2/12/2003,NA,NA,NA,NA,NA,NA,NA,NA,NA,NA,NA,NA
FHIA23,C,16,FHIA23C16,mother,2/12/2003,NA,NA,NA,NA,NA,NA,NA,NA,NA,NA,NA,NA
FHIA23,C,17,FHIA23C17,mother,2/12/2003,11/18/2003,2/18/2004,350,77,170,54,250,26,12,22,NA,NA
FHIA23,C,18,FHIA23C18,mother,2/12/2003,NA,NA,NA,NA,NA,NA,NA,NA,NA,NA,NA,NA
FHIA23,D,19,FHIA23D19,mother,2/12/2003,12/23/2003,3/24/2004,330,96,244,82,300,32.5,16,20,NA,NA
FHIA23,D,20,FHIA23D20,mother,2/12/2003,12/18/2003,3/17/2004,410,100,255,78,330,27.5,15,22,7,21
FHIA23,D,21,FHIA23D21,mother,2/12/2003,12/25/2003,3/24/2004,390,92,240,78,330,19.75,13,19,5,79
FHIA23,D,22,FHIA23D22,mother,2/12/2003,4/9/2004,7/14/2004,413,95,326,102,400,27,11,15,NA,NA
FHIA23,D,23,FHIA23D23,mother,2/12/2003,1/14/2004,NA,350,95,205,68,NA,NA,NA,NA,NA,NA
FHIA23,D,24,FHIA23D24,mother,2/12/2003,12/7/2003,3/10/2004,360,98,180,53,230,33,15,20,NA,NA
FHIA25,A,1,FHIA25A1,mother,2/12/2003,2/25/2004,NA,352,104,170,66,NA,NA,NA,NA,NA,NA
FHIA25,A,2,FHIA25A2,mother,2/12/2003,12/28/2003,3/31/2004,242,94,263,97,250,49.6,15,22,NA,NA
FHIA25,A,3,FHIA25A3,mother,2/12/2003,12/23/2003,3/24/2004,390,108,220,92,260,58,17,22,NA,NA
FHIA25,A,4,FHIA25A4,mother,2/12/2003,NA,NA,NA,NA,NA,NA,NA,NA,NA,NA,7,18
FHIA25,A,5,FHIA25A5,mother,2/12/2003,12/17/2003,NA,350,110,267,112,NA,NA,NA,NA,NA,NA
FHIA25,A,6,FHIA25A6,mother,2/12/2003,NA,NA,NA,NA,NA,NA,NA,NA,NA,NA,NA,NA
FHIA25,B,7,FHIA25B7,mother,2/12/2003,NA,NA,NA,NA,NA,NA,NA,NA,NA,NA,NA,NA
FHIA25,B,8,FHIA25B8,mother,2/12/2003,NA,NA,NA,NA,NA,NA,NA,NA,NA,NA,NA,NA
FHIA25,B,9,FHIA25B9,mother,2/12/2003,NA,NA,NA,NA,NA,NA,NA,NA,NA,NA,6,110
FHIA25,B,10,FHIA25B10,mother,2/12/2003,12/7/2003,NA,350,104,205,78,NA,NA,NA,NA,NA,NA
FHIA25,B,11,FHIA25B11,mother,2/12/2003,1/12/2004,4/14/2004,370,107,230,89,284,45.5,17,24,NA,NA
FHIA25,B,12,FHIA25B12,mother,2/12/2003,NA,NA,NA,NA,NA,NA,NA,NA,NA,NA,NA,NA
FHIA25,C,13,FHIA25C13,mother,2/12/2003,NA,NA,NA,NA,NA,NA,NA,NA,NA,NA,NA,NA
FHIA25,C,14,FHIA25C14,mother,2/12/2003,NA,NA,NA,NA,NA,NA,NA,NA,NA,NA,NA,NA
FHIA25,C,15,FHIA25C15,mother,2/12/2003,12/1/2003,3/3/2004,355,105,180,70,240,55,18,23,2,49
FHIA25,C,16,FHIA25C16,mother,2/12/2003,NA,NA,NA,NA,NA,NA,NA,NA,NA,NA,NA,NA
FHIA25,C,17,FHIA25C17,mother,2/12/2003,12/18/2003,3/17/2004,350,103,200,70,280,45,14,23,NA,NA
FHIA25,C,18,FHIA25C18,mother,2/12/2003,12/27/2003,3/31/2004,242,95,200,77,230,43,15,22,0,34
FHIA25,D,19,FHIA25D19,mother,2/12/2003,NA,NA,NA,NA,NA,NA,NA,NA,NA,NA,NA,NA
FHIA25,D,20,FHIA25D20,mother,2/12/2003,NA,NA,NA,NA,NA,NA,NA,NA,NA,NA,NA,NA
FHIA25,D,21,FHIA25D21,mother,2/12/2003,2/10/2004,5/12/2004,340,96,100,11,86,34,13,20,NA,NA
FHIA25,D,22,FHIA25D22,mother,2/12/2003,NA,NA,NA,NA,NA,NA,NA,NA,NA,NA,8,41
FHIA25,D,23,FHIA25D23,mother,2/12/2003,NA,NA,NA,NA,NA,NA,NA,NA,NA,NA,NA,NA
FHIA25,D,24,FHIA25D24,mother,2/12/2003,12/27/2003,3/31/2004,261,100,201,71,280,52.2,16,22,5,18
Foconah,A,1,FoconahA1,mother,2/12/2003,9/20/2003,12/24/2003,410,62,282,71,440,6.5,9,14,NA,NA
Foconah,A,2,FoconahA2,mother,2/12/2003,9/18/2003,12/18/2003,400,61,210,34,380,7.5,8,14,NA,NA
Foconah,A,3,FoconahA3,mother,2/12/2003,10/5/2003,1/8/2004,402,59,242,62,375,6.8,8,14,6,50
Foconah,A,4,FoconahA4,mother,2/12/2003,NA,NA,NA,NA,NA,NA,NA,NA,NA,NA,NA,NA
Foconah,A,5,FoconahA5,mother,2/12/2003,NA,NA,NA,NA,NA,NA,NA,NA,NA,NA,NA,NA
Foconah,A,6,FoconahA6,mother,2/12/2003,10/20/2003,1/22/2004,372,56,226,68,363,5.4,8,14,NA,NA
Foconah,B,7,FoconahB7,mother,2/12/2003,11/24/2003,2/25/2004,325,44,139,36,285,NA,6,10,NA,NA
Foconah,B,8,FoconahB8,mother,2/12/2003,NA,NA,NA,NA,NA,NA,NA,NA,NA,NA,NA,NA
Foconah,B,9,FoconahB9,mother,2/12/2003,9/19/2003,12/18/2003,355,58,155,31,320,4.5,9,15,NA,NA
Foconah,B,10,FoconahB10,mother,2/12/2003,9/18/2003,NA,390,59,255,43,NA,NA,NA,NA,2,66
Foconah,B,11,FoconahB11,mother,2/12/2003,8/26/2003,11/27/2003,385,60,240,39,394,7.5,8,14,NA,NA
Foconah,B,12,FoconahB12,mother,2/12/2003,NA,NA,NA,NA,200,31,NA,NA,NA,NA,7,12
Foconah,C,13,FoconahC13,mother,2/12/2003,9/2/2003,12/11/2003,395,61,225,32,428,5,8,14,NA,NA
Foconah,C,14,FoconahC14,mother,2/12/2003,9/10/2003,12/11/2003,375,60,190,32,273,5,8,14,NA,NA
Foconah,C,15,FoconahC15,mother,2/12/2003,11/5/2003,2/5/2004,340,48,196,62,286,2.4,7,14,3,31
Foconah,C,16,FoconahC16,mother,2/12/2003,9/7/2003,12/11/2003,375,60,260,41,440,5,8,14,NA,NA
Foconah,C,17,FoconahC17,mother,2/12/2003,11/5/2003,2/5/2004,288,47,200,58,335,2.2,7,12,NA,NA
Foconah,C,18,FoconahC18,mother,2/12/2003,9/1/2003,12/11/2003,395,64,310,50,474,6.2,8,14,9,54
Foconah,D,19,FoconahD19,mother,2/12/2003,11/10/2003,2/11/2004,350,52,188,46,200,3.5,7,12,NA,NA
Foconah,D,20,FoconahD20,mother,2/12/2003,10/1/2003,NA,400,61,300,44,NA,NA,NA,NA,NA,NA
Foconah,D,21,FoconahD21,mother,2/12/2003,10/3/2003,1/8/2004,377,55,330,83,430,7,8,14,6,66
Foconah,D,22,FoconahD22,mother,2/12/2003,10/10/2003,1/8/2004,348,52,324,88,430,4.2,7,12,NA,NA
Foconah,D,23,FoconahD23,mother,2/12/2003,10/6/2003,1/8/2004,393,60,265,65,410,5,8,14,1,49
Foconah,D,24,FoconahD24,mother,2/12/2003,10/26/2003,1/29/2004,386,59,275,65,380,5.2,8,14,NA,NA
GrandNaine,A,1,GrandNaineA1,mother,2/12/2003,NA,NA,NA,NA,NA,NA,NA,NA,NA,NA,NA,NA
GrandNaine,A,2,GrandNaineA2,mother,2/12/2003,NA,NA,NA,NA,NA,NA,NA,NA,NA,NA,NA,NA
GrandNaine,A,3,GrandNaineA3,mother,2/12/2003,NA,NA,NA,NA,NA,NA,NA,NA,NA,NA,NA,NA
GrandNaine,A,4,GrandNaineA4,mother,2/12/2003,9/2/2003,12/4/2003,240,57,108,32,210,16.5,9,24,9,44
GrandNaine,A,5,GrandNaineA5,mother,2/12/2003,NA,NA,NA,NA,NA,NA,NA,NA,NA,NA,NA,NA
GrandNaine,A,6,GrandNaineA6,mother,2/12/2003,NA,NA,NA,NA,NA,NA,NA,NA,NA,NA,NA,NA
GrandNaine,B,7,GrandNaineB7,mother,2/12/2003,8/21/2003,NA,225,58,75,24,NA,NA,NA,NA,NA,NA
GrandNaine,B,8,GrandNaineB8,mother,2/12/2003,9/19/2003,12/18/2003,160,46,41,18,100,6.5,7,12,9,6
GrandNaine,B,9,GrandNaineB9,mother,2/12/2003,11/4/2003,2/5/2004,237,56,147,50,183,16,10,21,NA,NA
GrandNaine,B,10,GrandNaineB10,mother,2/12/2003,9/7/2003,12/11/2003,210,51,55,19,178,12.4,8,16,12,14
GrandNaine,B,11,GrandNaineB11,mother,2/12/2003,12/28/2003,3/31/2004,236,55,73,32,190,19,9,18,NA,NA
GrandNaine,B,12,GrandNaineB12,mother,2/12/2003,11/26/2003,2/25/2004,230,55,130,45,160,10.8,9,9,NA,NA
GrandNaine,C,13,GrandNaineC13,mother,2/12/2003,9/9/2003,12/11/2003,210,48,65,23,160,14.8,8,16,NA,NA
GrandNaine,C,14,GrandNaineC14,mother,2/12/2003,8/14/2003,NA,240,54,80,26,NA,NA,NA,NA,NA,NA
GrandNaine,C,15,GrandNaineC15,mother,2/12/2003,8/27/2003,NA,215,53,142,35,NA,NA,NA,NA,14,41
GrandNaine,C,16,GrandNaineC16,mother,2/12/2003,10/11/2003,1/14/2004,205,45,30,22,115,13,9,14,NA,NA
GrandNaine,C,17,GrandNaineC17,mother,2/12/2003,NA,NA,NA,NA,NA,NA,NA,NA,NA,NA,NA,NA
GrandNaine,C,18,GrandNaineC18,mother,2/12/2003,8/30/2003,NA,215,54,NA,NA,NA,NA,NA,NA,14,23
GrandNaine,D,19,GrandNaineD19,mother,2/12/2003,NA,NA,NA,NA,NA,NA,NA,NA,NA,NA,NA,NA
GrandNaine,D,20,GrandNaineD20,mother,2/12/2003,8/20/2003,11/18/2003,260,57,120,30,210,15.5,9,17,NA,NA
GrandNaine,D,21,GrandNaineD21,mother,2/12/2003,8/13/2003,11/12/2003,245,60,122,35,234,19,9,22,NA,NA
GrandNaine,D,22,GrandNaineD22,mother,2/12/2003,9/2/2003,12/4/2003,225,57,75,18,150,8,11,22,10,23
GrandNaine,D,23,GrandNaineD23,mother,2/12/2003,8/21/2003,NA,245,64,90,28,NA,NA,NA,NA,NA,NA
GrandNaine,D,24,GrandNaineD24,mother,2/12/2003,8/30/2003,NA,225,51,65,22,NA,NA,NA,NA,16,45
Paka,A,1,PakaA1,mother,2/12/2003,NA,NA,NA,NA,NA,NA,NA,NA,NA,NA,NA,NA
Paka,A,2,PakaA2,mother,2/12/2003,9/22/2003,12/24/2003,172,42,183,54,210,7.5,7,17,NA,NA
Paka,A,3,PakaA3,mother,2/12/2003,1/3/2004,4/7/2004,285,42,150,47,285,4,6,18,NA,NA
Paka,A,4,PakaA4,mother,2/12/2003,8/24/2003,11/27/2003,285,53,103,26,190,11,8,18,10,60
Paka,A,5,PakaA5,mother,2/12/2003,9/19/2003,12/18/2003,280,48,150,33,280,5.75,6,16,NA,NA
Paka,A,6,PakaA6,mother,2/12/2003,9/17/2003,12/18/2003,300,49,165,36,315,7,6,18,4,30
Paka,B,7,PakaB7,mother,2/12/2003,NA,NA,NA,NA,NA,NA,NA,NA,NA,NA,NA,NA
Paka,B,8,PakaB8,mother,2/12/2003,10/17/2003,1/14/2004,250,44,170,50,294,7,7,16,NA,NA
Paka,B,9,PakaB9,mother,2/12/2003,10/6/2003,1/8/2004,296,46,182,52,284,9.5,8,16,NA,NA
Paka,B,10,PakaB10,mother,2/12/2003,8/26/2003,11/27/2003,290,51,202,38,295,11,8,18,NA,NA
Paka,B,11,PakaB11,mother,2/12/2003,9/8/2003,12/11/2003,290,44,80,16,236,6.2,6,16,NA,NA
Paka,B,12,PakaB12,mother,2/12/2003,10/8/2003,1/8/2004,252,38,90,29,230,6.8,6,14,2,28
Paka,C,13,PakaC13,mother,2/12/2003,NA,NA,NA,NA,NA,NA,NA,NA,NA,NA,NA,NA
Paka,C,14,PakaC14,mother,2/12/2003,8/15/2003,11/12/2003,290,50,143,25,264,8.5,6,18,NA,NA
Paka,C,15,PakaC15,mother,2/12/2003,NA,NA,NA,NA,NA,NA,NA,NA,NA,NA,1,18
Paka,C,16,PakaC16,mother,2/12/2003,8/24/2003,11/27/2003,295,49,135,26,256,9.5,7,16,NA,NA
Paka,C,17,PakaC17,mother,2/12/2003,9/1/2003,NA,305,48,235,37,NA,NA,NA,NA,NA,NA
Paka,C,18,PakaC18,mother,2/12/2003,8/13/2003,11/12/2003,290,45,210,32,327,7.75,7,18,2,56
Paka,D,19,PakaD19,mother,2/12/2003,9/9/2003,12/11/2003,295,44,190,34,306,5.4,6,16,NA,NA
Paka,D,20,PakaD20,mother,2/12/2003,8/18/2003,11/27/2003,305,53,142,31,260,11,8,19,NA,NA
Paka,D,21,PakaD21,mother,2/12/2003,9/28/2003,1/14/2004,297,45,197,57,281,9,7,16,NA,NA
Paka,D,22,PakaD22,mother,2/12/2003,NA,NA,NA,NA,155,30,NA,NA,NA,NA,0,10
Paka,D,23,PakaD23,mother,2/12/2003,8/18/2003,11/18/2003,310,43,187,34,305,7.5,7,17,4,80
Paka,D,24,PakaD24,mother,2/12/2003,9/8/2003,12/11/2003,260,42,110,26,240,8,6,16,NA,NA
PLM,A,1,PLMA1,mother,2/12/2003,NA,NA,NA,NA,NA,NA,NA,NA,NA,NA,NA,NA
PLM,A,2,PLMA2,mother,2/12/2003,9/15/2003,12/18/2003,282,55,220,62,293,15.25,8,22,NA,NA
PLM,A,3,PLMA3,mother,2/12/2003,9/10/2003,12/11/2003,275,58,192,47,250,15.8,8,24,18,15
PLM,A,4,PLMA4,mother,2/12/2003,9/15/2003,12/18/2003,286,57,241,59,313,17,9,23,NA,NA
PLM,A,5,PLMA5,mother,2/12/2003,10/10/2003,1/8/2004,290,57,210,49,280,14,8,25,NA,NA
PLM,A,6,PLMA6,mother,2/12/2003,10/3/2003,1/8/2004,284,56,253,63,330,14.8,8,23,NA,NA
PLM,B,7,PLMB7,mother,2/12/2003,10/10/2003,1/8/2004,297,55,276,66,370,13.5,8,20,NA,NA
PLM,B,8,PLMB8,mother,2/12/2003,9/28/2003,1/14/2004,297,60,205,51,310,20.5,9,23,NA,NA
PLM,B,9,PLMB9,mother,2/12/2003,9/28/2003,1/14/2004,298,57,261,70,370,17.2,9,21,13,35
PLM,B,10,PLMB10,mother,2/12/2003,1/19/2004,4/21/2004,354,65,341,76,290,17.25,9,24,NA,NA
PLM,B,11,PLMB11,mother,2/12/2003,10/11/2003,1/14/2004,290,55,267,61,370,14,8,25,NA,NA
PLM,B,12,PLMB12,mother,2/12/2003,9/28/2003,1/14/2004,277,53,220,56,330,12.5,7,19,29,59
PLM,C,13,PLMC13,mother,2/12/2003,9/30/2003,1/14/2004,314,59,295,63,396,15,8,20,NA,NA
PLM,C,14,PLMC14,mother,2/12/2003,10/30/2003,1/29/2004,350,58,210,54,285,8.5,7,20,NA,NA
PLM,C,15,PLMC15,mother,2/12/2003,10/10/2003,1/8/2004,315,55,251,62,340,12,8,22,22,40
PLM,C,16,PLMC16,mother,2/12/2003,10/4/2003,1/8/2004,287,47,270,61,350,9.5,8,22,NA,NA
PLM,C,17,PLMC17,mother,2/12/2003,10/5/2003,1/8/2004,276,49,232,57,320,10.2,7,21,12,44
PLM,C,18,PLMC18,mother,2/12/2003,10/27/2003,1/29/2004,289,54,225,51,320,14.8,8,22,NA,NA
PLM,D,19,PLMD19,mother,2/12/2003,9/28/2003,1/14/2004,293,58,210,44,290,19.2,8,23,NA,NA
PLM,D,20,PLMD20,mother,2/12/2003,9/30/2003,1/14/2004,320,60,236,54,330,18.5,9,23,NA,NA
PLM,D,21,PLMD21,mother,2/12/2003,9/20/2003,1/14/2004,294,56,250,73,340,18,8,14,NA,NA
PLM,D,22,PLMD22,mother,2/12/2003,10/5/2003,1/8/2004,310,56,260,65,350,17.2,8,21,13,48
PLM,D,23,PLMD23,mother,2/12/2003,10/6/2003,1/8/2004,264,54,176,49,293,11.2,8,22,17,30
PLM,D,24,PLMD24,mother,2/12/2003,9/28/2003,1/14/2004,287,56,215,61,330,18,8,23,NA,NA
PMA,A,1,PMAA1,mother,2/12/2003,NA,NA,NA,NA,NA,NA,NA,NA,NA,NA,NA,NA
PMA,A,2,PMAA2,mother,2/12/2003,11/6/2003,NA,300,43,165,39,NA,NA,NA,NA,NA,NA
PMA,A,3,PMAA3,mother,2/12/2003,9/18/2003,NA,290,58,165,30,NA,NA,NA,NA,NA,NA
PMA,A,4,PMAA4,mother,2/12/2003,NA,NA,NA,NA,NA,NA,NA,NA,NA,NA,27,38
PMA,A,5,PMAA5,mother,2/12/2003,10/18/2003,NA,320,44,190,56,NA,NA,NA,NA,NA,NA
PMA,A,6,PMAA6,mother,2/12/2003,9/10/2003,11/12/2003,325,47,184,52,210,6.75,7,22,NA,NA
PMA,B,7,PMAB7,mother,2/12/2003,10/1/2003,NA,326,44,183,43,NA,NA,NA,NA,NA,NA
PMA,B,8,PMAB8,mother,2/12/2003,10/29/2003,12/31/2003,300,43,112,35,160,8,6,17,NA,NA
PMA,B,9,PMAB9,mother,2/12/2003,11/16/2003,NA,360,50,155,49,NA,NA,NA,NA,NA,NA
PMA,B,10,PMAB10,mother,2/12/2003,NA,NA,NA,NA,NA,NA,NA,NA,NA,NA,NA,NA
PMA,B,11,PMAB11,mother,2/12/2003,NA,NA,NA,NA,NA,NA,NA,NA,NA,NA,34,22
PMA,B,12,PMAB12,mother,2/12/2003,NA,NA,NA,NA,NA,NA,NA,NA,NA,NA,NA,NA
PMA,C,13,PMAC13,mother,2/12/2003,9/9/2003,NA,300,45,110,29,NA,NA,NA,NA,NA,NA
PMA,C,14,PMAC14,mother,2/12/2003,NA,NA,NA,NA,NA,NA,NA,NA,NA,NA,NA,NA
PMA,C,15,PMAC15,mother,2/12/2003,9/8/2003,NA,325,50,112,23,NA,NA,NA,NA,8,41
PMA,C,16,PMAC16,mother,2/12/2003,9/2/2003,11/12/2003,330,49,130,27,250,11,7,21,NA,NA
PMA,C,17,PMAC17,mother,2/12/2003,NA,NA,NA,NA,NA,NA,NA,NA,NA,NA,NA,NA
PMA,C,18,PMAC18,mother,2/12/2003,NA,NA,NA,NA,NA,NA,NA,NA,NA,NA,20,28
PMA,D,19,PMAD19,mother,2/12/2003,NA,NA,NA,NA,NA,NA,NA,NA,NA,NA,NA,NA
PMA,D,20,PMAD20,mother,2/12/2003,NA,NA,NA,NA,NA,NA,NA,NA,NA,NA,NA,NA
PMA,D,21,PMAD21,mother,2/12/2003,NA,NA,NA,NA,NA,NA,NA,NA,NA,NA,12,17
PMA,D,22,PMAD22,mother,2/12/2003,NA,NA,NA,NA,NA,NA,NA,NA,NA,NA,12,42
PMA,D,23,PMAD23,mother,2/12/2003,NA,NA,NA,NA,NA,NA,NA,NA,NA,NA,NA,NA
PMA,D,24,PMAD24,mother,2/12/2003,NA,NA,NA,NA,NA,NA,NA,NA,NA,NA,NA,NA
YangambiKm5,A,1,YangambiKm5A1,mother,2/12/2003,3/3/2004,6/2/2004,290,79,300,93,330,16,10,30,NA,NA
YangambiKm5,A,2,YangambiKm5A2,mother,2/12/2003,NA,NA,NA,NA,NA,NA,NA,NA,NA,NA,NA,NA
YangambiKm5,A,3,YangambiKm5A3,mother,2/12/2003,NA,NA,NA,NA,NA,NA,NA,NA,NA,NA,NA,NA
YangambiKm5,A,4,YangambiKm5A4,mother,2/12/2003,2/19/2004,5/19/2004,380,71,244,62,320,10.8,8,28,1,84
YangambiKm5,A,5,YangambiKm5A5,mother,2/12/2003,3/3/2004,6/2/2004,360,74,280,81,350,9.5,8,27,NA,NA
YangambiKm5,A,6,YangambiKm5A6,mother,2/12/2003,2/1/2004,5/5/2004,387,76,318,88,395,13,8,24,NA,NA
YangambiKm5,B,7,YangambiKm5B7,mother,2/12/2003,3/29/2004,6/30/2004,425,78,362,97,420,14.8,10,27,NA,NA
YangambiKm5,B,8,YangambiKm5B8,mother,2/12/2003,4/4/2004,7/7/2004,430,81,400,104,410,13,9,26,NA,NA
YangambiKm5,B,9,YangambiKm5B9,mother,2/12/2003,5/3/2004,NA,402,78,332,95,NA,NA,NA,NA,NA,NA
YangambiKm5,B,10,YangambiKm5B10,mother,2/12/2003,NA,NA,NA,NA,NA,NA,NA,NA,NA,NA,21,25
YangambiKm5,B,11,YangambiKm5B11,mother,2/12/2003,2/13/2004,5/19/2004,360,71,179,53,217,15.6,9,27,NA,NA
YangambiKm5,B,12,YangambiKm5B12,mother,2/12/2003,2/11/2004,5/12/2004,380,80,230,26,336,12.75,9,26,5,49
YangambiKm5,C,13,YangambiKm5C13,mother,2/12/2003,3/22/2004,6/23/2004,380,72,290,73,367,14,8,NA,NA,NA
YangambiKm5,C,14,YangambiKm5C14,mother,2/12/2003,5/16/2004,8/18/2004,440,79,410,108,480,13.2,10,25,NA,NA
YangambiKm5,C,15,YangambiKm5C15,mother,2/12/2003,3/16/2004,6/16/2004,310,74,270,88,330,10.4,8,27,30,40
YangambiKm5,C,16,YangambiKm5C16,mother,2/12/2003,3/20/2004,6/23/2004,377,73,333,116,420,11,7,26,NA,NA
YangambiKm5,C,17,YangambiKm5C17,mother,2/12/2003,2/20/2004,5/26/2004,260,72,242,81,320,13,11,26,NA,NA
YangambiKm5,C,18,YangambiKm5C18,mother,2/12/2003,3/15/2004,6/16/2004,340,82,310,79,310,13,9,29,12,57
YangambiKm5,D,19,YangambiKm5D19,mother,2/12/2003,6/20/2004,9/22/2004,354,NA,349,89,NA,NA,7,27,NA,NA
YangambiKm5,D,20,YangambiKm5D20,mother,2/12/2003,NA,NA,NA,NA,NA,NA,NA,NA,NA,NA,NA,NA
YangambiKm5,D,21,YangambiKm5D21,mother,2/12/2003,2/15/2004,5/19/2004,378,77,284,83,360,14,9,26,NA,NA
YangambiKm5,D,22,YangambiKm5D22,mother,2/12/2003,2/14/2004,5/19/2004,400,78,300,86,380,13.8,8,23,13,30
YangambiKm5,D,23,YangambiKm5D23,mother,2/12/2003,3/20/2004,NA,430,76,207,65,NA,NA,NA,NA,NA,NA
YangambiKm5,D,24,YangambiKm5D24,mother,2/12/2003,2/23/2004,5/26/2004,410,76,350,88,430,11,9,27,21,40
